allpokelocid,c_2km
12046,6
12540,5
12639,7
12218,6
12551,6
10763,4
10875,4
12648,6
12002,6
12091,5
11970,5
10718,4
12191,6
11944,5
12552,6
12089,5
11197,7
12383,7
12712,8
12145,5
11041,12
12090,5
11046,5
11690,6
12739,8
10795,7
11196,7
11149,7
10924,7
11199,7
10762,5
11178,7
12217,7
11596,6
11541,7
10993,7
12775,8
12531,10
12761,12
11743,6
11219,7
13246,9
11251,7
12539,5
10895,4
12129,5
11968,7
11100,6
11816,13
11678,13
12003,5
10940,7
11501,10
11945,5
11396,7
10925,4
10894,4
11864,8
11437,7
12079,5
12666,5
12526,6
12938,8
10810,7
11372,10
12762,8
11198,7
11841,6
12013,6
11218,7
11728,6
12216,14
11177,7
12045,6
12603,7
10992,7
11754,6
10941,4
13261,7
11166,7
11711,6
12208,7
11072,6
12967,12
11710,6
12128,13
12164,5
12907,9
11915,6
12384,6
12917,13
11563,13
11842,6
12878,8
11373,7
11217,7
10966,4
12107,5
12106,14
13353,8
11983,5
11029,4
11985,5
11689,13
11423,6
12163,6
11250,11
10568,4
10917,7
11658,6
11627,6
12080,5
11274,13
10952,4
11595,13
12001,6
11796,6
12014,6
10975,7
12335,7
11840,13
10834,5
11288,12
11709,11
13328,9
12393,15
12176,14
11275,10
12032,5
11969,5
11422,7
12847,10
11137,12
13038,7
11515,7
11659,6
12124,5
10907,4
11982,6
11863,13
11081,7
10906,7
10809,7
12299,7
12130,5
11215,13
12937,9
10918,4
11818,6
11343,13
11216,12
13289,10
12689,8
12047,5
10951,7
12048,5
12667,5
12861,8
10850,7
11984,5
11466,11
11831,6
12688,13
12862,8
12031,6
11727,6
12355,7
13296,9
12576,7
11565,11
11564,12
10833,8
11362,7
11290,7
11795,12
10849,7
11289,7
11776,8
11817,12
11928,5
10232,5
10464,13
10108,5
10393,5
10167,5
10233,5
10248,5
10156,5
10127,5
10137,5
10651,13
10505,5
10166,12
10189,5
10794,13
10939,16
10743,7
10409,5
10234,5
10037,5
10619,7
10249,5
10618,13
10629,7
10179,5
10276,5
10026,5
10296,5
10423,5
10650,14
10155,5
10021,5
10548,13
9974,5
10449,5
9804,5
10297,5
10485,14
10595,5
9901,5
10263,5
10198,5
10422,13
10524,13
10138,5
10668,14
10567,6
10210,5
10752,13
9958,5
9881,5
10437,5
10949,16
10247,5
10080,11
10808,13
10486,14
10742,7
10504,11
10436,5
10219,5
10038,5
10277,5
10753,13
10374,5
10535,14
10435,13
10190,5
10605,13
10434,14
10178,14
10079,11
11352,14
11342,15
10965,15
11005,15
11015,17
11071,13
11115,15
11486,26
11148,13
10950,13
12936,21
12440,21
12563,21
12804,21
13019,20
12737,21
12755,19
12738,16
11981,21
12638,19
12974,20
12280,21
11657,18
11688,14
12698,21
13069,21
12441,21
12419,18
11943,18
12144,18
12593,19
12647,19
12646,19
11742,16
12844,21
12231,21
12452,19
12906,21
11839,18
12636,19
12805,19
12000,18
12789,17
11465,13
12637,19
12439,21
12759,21
12175,18
12232,18
12754,21
11862,18
11815,18
12687,19
12774,21
13049,21
11888,18
13036,21
12760,16
14061,17
13516,20
13923,19
13830,19
13287,16
13852,19
13922,19
14082,17
13245,19
14078,17
13853,12
13567,20
13779,19
14102,17
13738,20
14108,17
13714,20
14079,17
13867,19
13540,22
14081,17
12846,16
14094,17
13690,20
13577,19
14035,17
13603,19
13447,20
14109,17
14060,17
13327,10
13884,19
13326,10
13866,19
13592,17
14093,17
13932,18
13404,22
12845,18
13702,20
13993,17
14128,17
13568,20
13037,17
13436,18
14012,18
14016,17
13844,19
13652,20
13739,20
13552,21
13971,19
14034,17
14036,17
13774,19
13943,19
13558,21
13709,19
14090,17
14038,18
13995,18
13976,19
13651,20
13737,20
13466,20
13467,18
13541,17
13972,18
13960,19
13456,20
13885,19
13994,18
13427,20
13325,11
13975,19
13324,14
13215,17
13895,18
13352,19
13921,19
14121,17
13941,19
13942,19
13959,18
13635,20
13807,19
13323,20
13790,20
13646,16
13879,19
13896,19
13970,18
13973,18
14037,18
13275,10
14122,17
13613,15
13351,20
13214,18
13840,19
13940,18
13596,19
13426,22
13288,13
13860,19
13908,19
13954,19
13559,20
13295,16
13835,19
13754,20
13791,20
13517,20
14004,17
13907,19
13969,18
13361,16
13487,20
13974,18
14112,17
13953,18
12665,21
12215,21
12289,21
12538,21
12592,21
12550,21
12501,21
12860,23
13124,22
12143,21
12230,21
12905,23
12803,23
12162,21
12288,21
12877,21
12461,21
12105,21
12773,24
12500,21
12207,21
12298,21
12574,21
12510,21
12686,21
12268,21
12279,21
12392,21
12575,21
12426,21
12323,21
12490,26
11814,22
12451,25
11708,20
12664,27
12308,28
12078,21
12174,26
12267,22
12278,22
11464,26
11371,26
11450,26
11513,28
11540,28
11687,27
11527,26
11514,26
10246,20
10327,20
10295,18
10231,22
10294,19
10974,16
10136,13
10197,14
10781,27
11135,30
10177,23
10275,26
10503,28
10717,25
10245,24
10667,29
11136,29
10391,24
10372,27
10523,24
10463,28
10209,23
10522,29
10188,25
10293,24
10514,26
10373,27
11028,28
10326,26
10392,24
10462,28
10407,29
10728,31
11195,31
10948,31
10761,32
10991,31
10262,25
10408,27
10604,29
10371,29
10741,32
10390,29
10315,27
10406,27
10566,30
10666,29
10325,27
11164,31
11014,31
10684,30
10521,29
10513,29
10990,30
11129,30
10421,29
10448,29
11794,29
11448,31
11562,29
11449,31
11861,29
11860,29
12043,30
11394,31
11644,31
12206,30
11706,31
11905,29
11874,31
12077,30
12142,30
11967,31
11561,29
11395,29
11707,29
11500,29
12044,30
11485,31
11942,30
11677,31
11875,30
11165,29
12161,28
12406,30
12307,30
12264,30
12391,30
12266,28
12265,28
12354,29
12287,28
12322,30
12248,30
13505,26
12946,32
13309,29
12771,32
12709,32
12772,31
12710,32
13187,31
12721,31
12916,32
13202,31
12404,33
13186,32
13244,30
12735,32
13185,29
13515,26
13010,31
12460,32
12405,33
12998,32
13179,31
13243,30
12610,32
12662,31
12996,31
13446,28
12711,32
13403,29
13024,31
13337,28
13336,28
12894,32
12708,31
12530,33
13546,27
12572,33
13389,28
13023,31
12819,31
13223,31
12818,32
12381,34
13034,31
12634,33
12788,32
13557,24
12832,32
13585,23
12677,31
12633,33
12623,32
13349,26
13201,29
13689,21
12734,32
13685,21
13224,31
13226,31
13107,31
12403,33
12997,31
12986,31
13106,32
13225,31
12901,32
13105,30
12859,32
13678,19
13088,31
13160,31
12858,32
13360,28
12722,30
12663,30
12752,31
12635,30
12753,31
12624,30
11560,31
11643,31
11705,31
11266,31
11626,31
11526,31
11580,31
11726,32
11764,32
12172,33
12173,31
12205,31
12123,31
12247,34
12076,32
11927,33
12382,34
12190,33
12058,33
11813,33
12030,32
11249,31
11176,30
10665,29
10915,31
11194,30
11175,30
10389,29
11128,30
10502,29
10547,29
10584,29
10893,31
10369,29
10603,29
10916,31
10848,30
10751,29
11127,30
10534,29
10370,29
10649,29
11941,33
11887,32
11859,33
11904,33
12029,33
11557,32
11676,33
11558,32
12229,34
12263,34
11499,31
12214,33
11704,32
11477,31
11957,33
11926,33
11775,33
12306,33
12075,33
12204,34
12012,33
11408,31
11559,32
12122,34
10964,30
11061,31
11098,30
11331,29
11193,31
11174,31
11099,31
11214,31
10989,30
11147,31
10874,30
10807,30
10664,26
10648,26
10847,28
10832,28
10760,29
10892,29
10759,27
10793,29
10696,29
10520,29
10750,27
10484,25
12262,31
12203,32
11525,31
11613,31
12334,32
11498,32
12121,32
12245,31
11955,33
11999,32
12353,33
11903,33
11956,33
12189,33
12246,33
11940,33
12088,33
11886,33
12160,33
12171,33
11548,33
11463,33
11512,33
11421,32
11163,29
11315,29
11053,28
11212,29
11234,29
11173,28
11303,29
11097,27
11304,29
11420,30
11114,27
11239,29
11213,29
11265,29
10716,27
11383,30
10873,28
11094,28
10663,26
11093,28
10715,28
10778,23
11393,31
11157,28
11382,29
10583,26
10780,27
10779,27
10830,28
11045,26
10714,26
10792,28
11341,28
10872,28
10988,26
11496,30
10831,28
10829,27
11162,28
10947,28
10791,28
11273,27
10757,23
11192,27
10683,27
10739,26
10740,28
11060,28
10758,28
11095,27
10647,27
11361,29
11191,28
11330,28
10846,28
11070,26
11096,27
10914,28
10857,28
10946,27
10905,28
12261,31
12213,31
12074,31
11828,31
12103,32
12321,31
12104,31
12228,31
12073,31
12202,31
12276,31
11939,31
11902,31
11858,31
12418,31
11546,30
12277,31
12402,31
11830,31
11829,31
12244,31
11524,30
11511,30
11885,31
11547,31
11792,31
11497,31
11793,31
11462,31
11476,30
11774,31
11484,31
11741,31
11791,31
11642,31
11612,31
11812,31
8144,3
8286,4
8128,3
7982,3
8075,3
9369,5
7983,1
9162,5
8200,2
9120,5
8763,4
8306,2
8423,2
9641,5
9211,5
9253,5
9305,5
9370,5
8297,2
9187,5
9064,5
9160,5
8305,2
9473,5
9507,5
8545,4
9075,5
9118,5
9392,5
8755,4
9010,5
9612,5
8013,2
8765,4
9874,5
9304,5
9020,5
9693,5
9280,5
9031,5
8371,3
8976,5
8764,4
8364,2
9232,5
8850,4
8503,3
9394,5
9084,5
9803,5
8055,1
8479,3
9049,5
9279,5
9524,5
9843,5
9119,5
9291,5
9705,5
9746,5
9312,5
8876,4
9161,5
8615,4
9324,5
9254,5
9704,5
8357,2
9468,5
9747,5
9454,5
9009,5
8986,5
9610,5
9611,5
9598,5
8056,1
9517,5
8772,4
9467,5
9313,5
9393,5
9469,5
9149,5
9717,5
9204,5
9146,5
9147,5
9348,5
9495,5
9252,5
8098,1
9268,5
9783,5
9900,5
9349,5
9545,5
9825,5
9148,5
7646,1
7814,1
7865,3
7422,1
7415,1
7884,3
7436,1
7908,3
7885,2
7393,1
7533,3
8028,3
8519,5
8251,4
7699,3
8518,5
8237,4
8296,4
8199,4
7676,3
8418,4
7405,1
8478,5
8397,4
7964,3
8157,3
8143,3
8127,3
7848,3
7864,3
8108,3
8370,4
8265,4
8444,5
9928,9
9920,9
9651,8
9899,9
9435,5
9873,5
9910,7
9880,9
8975,5
9098,5
8895,5
9562,11
9629,11
9186,5
8698,5
9290,5
9380,6
8714,5
9793,12
9964,14
8941,6
9231,8
10001,16
10025,19
9447,11
8669,5
8668,5
8463,4
8863,6
8940,6
8733,5
8635,5
9946,11
8951,6
9639,12
9134,8
9391,10
9434,12
8687,5
9482,12
10000,19
8659,5
8562,5
9640,12
9048,8
9628,12
9267,8
8724,6
10107,25
10135,24
9842,21
9841,21
10126,24
9769,18
9782,21
9414,16
10008,24
9379,14
9716,15
9792,20
9982,24
9445,16
9446,15
9840,21
9561,19
10048,24
9465,17
9638,19
9811,21
9506,17
9715,22
9466,16
8304,4
8912,8
7513,4
7723,4
7480,4
8667,5
8470,4
7631,3
7007,3
7378,3
7414,3
6581,3
6761,3
7434,3
7391,3
7114,3
7490,3
7115,3
7340,3
6927,3
6701,3
7392,3
6752,3
7036,3
7076,3
7435,3
7008,3
6982,3
6877,3
6599,3
6858,3
6457,3
6811,3
6715,3
7035,3
6997,3
8007,6
7597,5
8534,4
7498,4
8198,6
8250,4
8331,4
8277,6
7875,5
8356,4
7943,6
8393,6
8477,4
7874,5
8395,4
8249,6
8087,6
8394,6
8285,6
7750,5
8405,4
8415,6
8416,6
8443,4
8490,7
8396,4
8489,7
8417,4
8210,6
8385,4
8442,4
8713,6
8696,6
8535,4
9362,15
8849,9
8697,5
8809,9
9242,17
8732,11
8580,4
9347,17
9323,17
8695,9
9278,17
8939,13
8837,9
10292,27
10216,24
10175,27
10274,28
10077,23
10273,27
10244,27
10088,23
10024,24
10176,27
10078,24
10218,26
10020,23
10106,25
10154,26
9999,24
9981,23
10007,23
10217,26
9998,23
9494,18
9008,16
9781,22
9671,20
9553,18
8762,12
8789,14
9390,18
9733,24
8654,11
9378,17
8894,15
8875,15
9039,16
9756,23
9038,16
8462,9
8320,8
7803,5
8027,6
7873,6
8107,6
7963,6
7907,6
7894,6
7906,6
7075,3
7671,3
6739,3
7006,3
7777,3
6443,3
6760,3
6969,3
7229,3
7255,3
6901,3
6666,3
6945,3
7228,3
7688,3
6995,3
7058,3
7555,3
6996,3
7451,3
6491,3
7472,3
7280,3
6482,3
7698,3
7264,3
6580,3
7556,3
7265,3
6536,3
8848,15
9251,18
9074,18
8589,12
8599,12
7839,5
8994,17
8533,10
8590,12
9433,19
9413,18
9173,17
9203,18
9464,18
8808,13
7905,6
9919,24
8723,13
9927,23
9732,22
7825,5
8796,13
9030,17
9533,18
9368,17
7955,6
9250,18
9277,18
8836,15
6343,4
6196,4
6316,3
6315,4
6195,4
6468,3
6327,4
6475,3
6308,3
6404,4
6456,3
6273,4
6369,3
6614,4
6187,4
6287,4
6738,4
7462,3
6543,4
6665,4
7164,4
7740,3
6907,4
7192,4
6828,4
6686,4
7573,4
7215,3
7512,3
7813,4
7074,4
6821,4
7056,4
6968,4
6944,4
7180,4
6845,4
6627,3
7305,4
6795,4
7497,3
7471,3
7227,3
6687,4
7128,4
6794,4
6844,4
6808,4
7315,4
6857,3
7113,4
6796,4
6714,4
7540,3
6636,3
7088,4
6810,4
7089,4
7057,4
6856,4
7200,4
7883,4
7316,3
6809,4
7034,4
7314,4
7729,3
8532,13
8488,13
8658,13
8588,13
8275,8
8722,13
8126,6
8614,13
8319,8
8721,13
8392,10
8646,13
8138,6
8788,12
8295,7
8330,8
8645,12
8694,13
8754,13
8653,13
8413,10
8180,7
8807,12
8276,8
8414,10
8681,13
8074,6
8262,7
8073,5
8355,8
8264,6
7942,4
8106,5
7981,5
8189,5
8209,6
8502,10
8263,6
8318,7
9249,18
9432,18
8964,15
9731,22
9406,18
8893,13
9133,18
8962,14
9945,23
9589,18
8911,15
9037,16
8963,14
9906,22
9872,23
9036,16
9463,18
8974,15
9007,16
9609,20
9453,18
8961,14
9898,22
10405,23
10313,23
10125,23
10420,24
10076,23
10134,23
10075,22
10208,23
10067,22
10357,24
10358,25
10336,24
10314,25
9063,14
9493,19
9871,22
9859,22
9905,22
9019,14
9745,21
8847,12
8960,14
8835,13
9481,19
8973,14
9702,21
9703,21
9659,21
9860,22
8972,14
9991,22
9029,14
9083,14
9918,22
9047,14
10006,22
9714,20
9028,14
9660,21
9973,22
8950,14
9768,22
8985,14
9824,17
9791,17
10261,22
10461,24
10501,24
10215,21
10563,24
9839,17
9957,21
10355,22
10165,22
9980,21
10388,23
10419,22
9823,17
10074,20
10565,25
9904,22
10115,20
10482,24
10404,24
10312,22
9837,17
10564,24
9963,21
9822,17
10105,21
10356,22
10054,20
10272,21
10483,23
9931,19
10387,22
9838,17
10594,25
10230,22
9853,18
10533,25
8949,11
9172,13
9637,13
9062,13
9544,12
9744,19
9240,12
9132,13
9241,13
9131,13
9171,12
9650,12
9201,12
8938,11
8959,11
9608,12
9202,13
9073,13
8587,11
8531,10
8598,11
8623,11
8795,11
7971,4
8337,6
8958,11
8544,10
8404,7
8787,12
8892,12
8346,7
8208,5
8303,6
8794,11
8560,11
8579,10
8891,11
8680,11
8284,7
8597,11
8302,6
8666,11
8720,11
8517,10
8559,10
8512,8
8317,6
8561,11
8624,11
8261,6
8937,11
8902,12
8274,6
8596,11
8761,11
8294,6
8743,11
8834,11
8441,7
7709,4
7931,4
6713,4
7722,4
6807,4
7739,4
7759,4
7377,4
6552,4
7163,4
7496,4
7728,4
7941,4
7287,4
7793,5
7404,4
7691,4
7930,4
7433,4
7572,4
7489,4
7765,5
7802,5
7824,5
7954,4
7882,4
7479,4
7263,4
7749,4
7716,4
6654,4
6774,4
6773,3
6806,3
6711,3
7139,4
6664,3
6906,4
7432,4
7073,4
7564,4
6626,3
7171,4
7506,4
7403,4
7296,4
7431,4
6905,3
7413,4
7127,4
7353,4
7254,4
7376,4
7478,4
6788,3
7390,4
7758,4
7072,4
7929,5
7587,4
6653,3
7375,4
7339,4
8045,5
7663,4
7662,4
6712,3
7191,4
7547,4
7487,4
6640,3
7172,4
8012,5
6751,3
7928,5
6876,3
7917,5
7488,4
7046,3
8577,8
8910,11
7714,4
8578,8
7812,4
8248,5
8437,6
8086,5
7915,4
7939,4
7872,4
8652,8
7863,4
8097,5
8476,6
8793,10
8543,6
7961,5
8026,5
8679,6
8874,11
8753,7
9005,11
8384,6
8576,7
8036,5
7962,5
7854,4
8155,5
8613,7
7838,3
7822,4
8412,5
9006,11
8085,5
8771,7
7847,4
8924,10
8137,5
7927,5
8403,6
8044,5
8065,5
8846,10
7953,5
7881,3
8236,5
7940,4
7846,4
8043,5
8785,10
8207,5
8206,5
8644,8
8984,11
8154,5
8273,5
8461,6
8833,10
7862,4
7969,5
7916,4
8455,6
8786,10
8821,7
8125,5
8054,5
8558,6
8156,5
8822,9
8283,5
7995,4
8678,5
8665,6
8006,5
7791,4
9742,13
9302,12
9516,12
9303,12
9097,12
9185,11
9346,13
9743,12
9219,12
9878,13
9239,12
9218,12
9917,13
9210,12
9116,11
9061,11
9082,11
9248,12
9684,12
9209,12
9117,11
9683,13
9170,12
9145,12
9790,12
9130,12
9955,13
9903,12
10053,13
9852,12
10546,24
9879,12
9870,12
10368,20
9685,12
9686,12
9943,13
9597,12
10019,11
10187,19
9658,12
9627,12
9926,13
9810,12
9523,12
9944,12
9956,12
9492,13
10095,19
8908,5
9129,11
9361,11
9017,4
8712,3
9576,11
8909,5
8888,4
8936,5
8819,4
8634,5
9322,11
8907,4
9183,4
9289,12
8922,4
8923,4
8820,7
9018,6
9144,11
9046,4
9184,4
9389,11
8862,8
8901,4
8890,5
8871,5
9577,12
9388,11
8993,4
9692,12
9027,4
8845,4
8872,5
9104,4
9288,9
9004,4
9103,4
8873,5
9247,4
9367,9
9159,11
8832,5
9045,4
8889,5
8957,5
9158,4
9311,8
8664,5
8041,4
8035,3
8025,3
8095,3
8260,4
7670,3
8383,5
8293,4
7861,3
8083,3
8096,3
8354,4
8042,4
7585,3
8188,3
8454,6
7926,3
8247,4
8612,3
8064,3
8187,4
7980,3
8315,4
8235,4
8316,5
7845,3
8453,5
8469,5
7645,3
8452,5
8411,6
8345,5
7821,3
8542,5
8084,3
7880,3
8272,5
8215,4
8225,5
8224,4
7532,3
8053,3
7226,4
7430,4
7823,4
7224,4
7616,3
7466,3
7757,4
7708,3
7727,4
7748,3
7586,3
7607,3
7715,4
7327,3
7615,3
7429,3
7467,4
7800,4
7223,3
7608,3
7792,4
7225,4
7237,4
7188,3
7286,3
6698,3
7033,3
6826,3
6699,3
7087,3
7100,3
6772,3
7055,3
7065,3
7066,3
6827,3
7170,4
7045,3
7054,3
7126,3
6900,3
7067,3
6787,3
7138,3
7052,3
6685,3
6843,3
7053,3
12425,31
12529,31
11998,29
12102,31
11233,24
12487,31
11329,27
11703,30
12243,31
12720,32
10987,25
12141,30
11211,24
11856,29
12632,31
11857,29
12547,31
12401,30
12368,30
12548,31
11092,23
12011,29
11044,26
13008,31
12159,30
11392,24
12459,30
11206,22
11938,31
11740,28
11954,29
11656,28
12057,29
12056,29
11790,29
12140,29
11900,29
11914,29
11763,28
11495,30
11461,27
11594,26
11370,25
11287,27
11773,28
12242,31
12707,30
12508,31
11624,27
11872,27
12661,31
11611,29
11901,31
11579,26
11419,27
11953,29
12589,31
11302,25
11232,24
11873,29
11625,29
11925,28
11231,22
11407,24
11675,30
12561,31
12522,31
12201,32
12588,31
12200,30
12320,31
12631,31
12733,31
11884,31
11980,29
12028,29
12390,30
11238,24
12523,31
12227,30
11883,29
11314,17
12137,15
11853,19
11538,18
11997,15
11040,13
11039,13
11038,13
12537,14
12138,15
11788,16
11091,20
11447,24
11545,18
12042,15
11328,17
12055,15
11593,15
11300,17
10845,22
11436,23
12659,17
12072,15
11126,22
11248,21
11004,15
11406,23
11124,15
12187,15
11350,17
12505,16
11156,15
11787,15
11125,15
12571,13
11286,16
11230,18
12449,14
11827,21
11653,19
11654,19
12380,15
11673,15
11027,15
11418,23
11013,15
11301,18
11640,21
11012,15
11556,19
11809,19
11405,23
11898,18
11340,22
11026,15
11937,18
11189,15
12259,15
11610,15
12504,15
11351,17
11686,21
12071,15
11003,15
11059,16
11965,18
11069,15
12026,15
11522,15
12333,15
11058,15
11057,13
12559,15
11924,18
11762,15
11190,16
13273,31
13334,30
13305,31
13199,31
12925,31
13184,31
13303,31
13465,31
13274,31
13258,31
13032,31
13212,31
13123,30
13503,30
13476,31
13222,31
13333,30
13285,31
13304,31
13259,31
13286,31
13260,31
13368,31
13455,31
13234,31
12471,29
11655,26
12438,29
13007,30
12485,29
11854,25
12297,29
12893,30
11752,23
11810,24
12431,29
11772,26
12027,29
11811,29
12472,29
12915,30
11674,23
12484,30
12660,29
12814,31
11952,26
12119,27
12830,30
12389,29
12120,29
12956,30
11539,24
12645,30
11753,25
12587,29
11899,29
12087,29
12241,30
12139,29
12829,29
13031,29
12609,30
12352,30
12507,29
12914,30
11855,28
12622,29
12486,29
11789,26
12719,30
11725,26
12935,30
12506,29
12158,29
12319,29
12198,29
11523,24
12199,29
11641,26
12398,30
12188,29
12944,30
12521,30
12424,29
12601,29
11882,28
12086,27
12351,29
12621,30
11739,26
12400,29
12226,29
12397,29
9415,1
10438,3
15044,2
15070,5
13727,1
10220,3
15031,4
13477,1
14913,7
13448,1
15497,1
15100,4
15454,1
15213,2
14733,9
15267,1
12594,4
13854,2
13703,1
15056,3
15059,2
13262,1
13887,1
11679,3
13897,3
14406,2
15686,1
10729,3
11729,3
11730,3
14917,7
15488,1
11615,3
12233,4
14341,3
10811,1
11306,3
12975,5
14385,4
13899,3
15105,2
11691,2
14839,8
14083,2
10109,3
12309,3
13405,1
10908,3
12527,3
15195,1
10450,3
13821,4
10967,3
14013,1
11305,3
11316,2
14530,2
10994,1
14802,9
14272,2
15323,1
12453,3
14070,2
14573,4
11843,1
14405,7
14873,9
9812,2
15147,2
14617,4
11567,1
14912,7
11581,1
14927,7
14308,3
14958,7
10620,3
11614,3
14340,10
11138,3
15118,1
11167,1
14889,3
13898,3
14397,1
15349,1
15350,1
15130,3
14427,4
11865,3
14445,8
14446,4
11235,2
14907,7
8995,1
14283,3
13428,1
11889,3
14123,4
11438,3
11906,3
14309,2
15214,2
14967,4
13831,2
10337,3
11777,1
15016,4
11478,3
14396,10
15051,4
10221,2
14547,9
15148,1
12848,5
14557,1
13886,3
11680,1
14064,3
11516,3
15049,2
14422,8
11409,3
11566,1
10487,3
14475,6
11755,3
11452,3
11765,1
15363,1
13586,5
10039,3
15138,4
15050,3
15055,2
15326,1
11451,3
13020,1
13938,26
12212,27
12787,23
12751,23
13931,27
12600,21
13143,30
12417,22
13664,28
12828,29
12470,22
13272,30
12286,27
12955,21
11966,24
13006,30
13464,30
13734,28
12786,21
13851,28
13666,28
13665,28
12458,20
13643,30
13842,27
13130,25
13766,28
12560,21
12260,27
13982,24
12900,30
12450,24
13087,28
13619,29
12827,28
13725,28
13761,28
13129,23
13624,28
13122,27
13401,26
12498,24
12367,27
13778,27
13828,28
12718,24
12479,24
13819,28
13789,28
13128,22
12118,23
13073,22
13805,28
13101,22
11913,19
13733,28
12924,28
13332,24
13983,24
12892,28
12934,21
13708,29
13102,30
13158,30
10403,13
10500,20
10986,13
10352,12
10402,12
10310,12
10432,11
10674,12
10311,15
10749,14
10519,12
10460,13
10499,11
10602,20
10712,20
10401,11
10601,12
10675,21
10681,13
10644,12
10290,12
10643,12
10531,12
10617,21
10616,12
10561,13
10351,12
10350,12
10713,21
10353,13
10711,15
10323,12
10324,12
10532,14
10748,13
10481,13
10790,12
10828,14
10645,13
10777,12
10545,13
10923,15
10710,14
10418,18
10890,12
10727,14
10243,12
10433,12
10479,11
10288,12
10682,21
10562,13
10708,14
10335,12
10580,11
10891,15
10367,12
10289,12
10386,18
10384,13
10581,20
10903,15
10385,13
10291,12
10544,12
10738,13
10646,22
10382,11
10354,18
10904,17
10582,21
10383,12
10480,12
10709,13
10271,12
9767,12
10163,12
10214,12
10186,12
9962,12
10207,12
9930,12
10242,11
10162,12
10164,12
9951,12
10104,11
10018,12
10133,12
9821,4
10206,11
9896,12
9942,13
9909,5
9897,12
9869,4
10185,5
10153,12
10152,7
10052,12
10229,12
10066,11
9635,3
9182,4
8933,4
9588,7
9691,3
8934,4
9636,6
9208,4
9522,3
9431,8
9505,9
9626,6
9026,4
8935,4
8861,4
9575,11
9072,4
9515,10
9595,3
8932,4
9729,3
8719,3
9596,9
9713,3
9514,8
9730,3
8742,3
9649,6
9016,4
9217,4
9287,4
9266,4
9480,9
9412,6
9430,6
9728,3
9207,4
9491,6
9574,7
9657,7
9405,5
9552,9
9200,4
9670,11
8760,3
9387,6
8971,4
9286,4
8983,4
8082,4
7707,3
8179,3
7756,3
7477,3
7686,2
7721,2
7938,4
7450,3
7486,3
7989,3
7520,2
7505,3
7914,3
7960,3
7584,3
7782,2
7952,3
7675,2
7968,4
7368,1
7539,1
7583,1
7428,1
7326,1
7504,1
7485,1
7359,1
7276,1
8136,3
8135,3
7538,1
7562,1
7300,1
7461,1
7369,1
7476,1
7389,1
7531,1
7312,1
8063,3
7706,1
7358,1
7426,1
7563,1
7325,1
7351,1
7370,1
7925,2
7294,1
7460,1
7313,1
7412,1
7449,1
7613,1
7484,1
7208,1
7352,1
7553,1
7350,1
7427,1
7737,1
7988,3
7776,2
7570,1
8062,2
7853,3
7402,1
8214,2
7551,1
7421,1
7879,3
7546,1
7494,1
7440,1
7401,1
8105,3
7503,1
7301,1
7441,1
7519,1
7763,1
7367,1
7571,1
8094,3
7447,1
7554,1
7448,1
7400,1
7236,1
7552,1
7614,1
8609,1
8460,3
8526,2
8574,2
8475,3
8611,2
8336,3
8501,3
8459,1
8575,2
8657,2
8500,3
8541,2
8429,3
8608,1
8610,2
8436,3
8525,1
8487,1
8329,3
8595,2
8382,3
8369,3
8468,3
8643,2
8527,3
8511,3
8353,3
8572,1
8573,1
9741,3
8860,1
9607,1
9586,1
9799,3
8693,2
9801,3
9265,3
8711,3
9800,3
8921,3
8887,1
9625,3
8700,2
9802,3
9301,4
9754,3
9634,3
9024,1
9587,3
8982,1
9386,3
9711,3
9015,1
9766,3
9071,4
9245,1
8709,2
9230,4
9798,3
9490,3
9542,3
9025,1
8710,2
9199,3
9623,2
8677,3
8948,3
9656,3
9727,3
9820,1
9752,3
9543,3
9229,3
9681,3
9753,3
9246,3
9594,3
9755,3
9726,3
9780,3
9789,3
9551,1
8831,3
9648,3
8956,2
9541,1
9228,3
9310,2
9377,1
8992,1
9725,3
8708,2
9216,4
9712,3
9206,1
9724,2
8830,2
9647,1
8947,3
9573,1
9624,3
9276,3
9115,4
8919,1
8900,1
9779,3
9309,1
8920,1
9682,3
10259,4
10150,2
10322,4
9990,4
10114,4
10400,2
10196,4
9868,3
10184,4
10174,4
10124,1
10241,4
10260,4
10173,4
10194,4
10004,3
10195,4
10348,4
9867,3
10183,4
10151,4
10240,4
10258,4
10017,4
10023,1
10366,4
10380,3
10103,4
10365,3
9895,3
9950,4
9941,4
9887,3
10005,4
10349,4
11002,5
10938,11
10824,4
10825,5
10985,3
10826,5
10871,3
10642,5
10695,5
10726,7
10937,6
10458,2
10512,2
10381,4
10973,6
10628,7
10431,4
10827,7
10627,7
10477,2
11051,3
10963,4
10459,4
10662,4
11025,5
10962,3
10417,4
10889,5
10725,3
10694,4
10478,4
10888,3
10844,5
10518,5
10806,5
10673,5
11052,4
10661,1
10774,1
10823,1
10934,1
10984,3
10560,1
10737,1
11011,1
10936,1
10822,1
11088,3
11037,3
10983,3
10971,1
10775,1
11123,1
10776,3
10887,3
10600,1
10902,3
10615,1
10982,3
10660,1
10626,1
11080,3
10789,3
10870,1
10724,2
10614,1
10599,1
10843,1
10901,3
10841,1
10773,1
10913,3
10935,1
10972,1
10788,1
11001,1
10592,1
10707,1
10756,1
10912,1
10805,2
10842,1
11133,3
10672,1
10802,1
10803,1
10593,1
10736,1
11132,2
10945,1
10961,1
11024,3
10641,2
10804,1
11067,3
11068,3
10399,1
10455,1
10257,1
10016,1
10065,1
10239,1
10228,1
10475,1
9989,1
10456,1
10498,1
10457,1
10094,1
9979,1
10476,1
10474,1
10446,1
10447,1
10347,1
10321,1
10036,1
10334,1
10430,1
10346,1
10345,1
10320,1
10051,1
9128,1
9858,1
9238,1
9321,1
9143,1
9788,1
9345,1
9142,1
8784,1
9198,1
9765,1
9532,1
9585,1
9181,1
9764,1
9360,1
8955,1
9227,1
9894,1
8981,1
9197,1
9550,1
7987,2
8233,1
8381,1
8510,1
8024,1
8642,1
8557,1
8234,1
8246,1
8328,1
8571,1
8524,1
8556,1
8335,1
8593,1
8153,1
8607,1
8509,1
8034,2
8232,1
8523,1
8186,1
8508,1
8594,1
8516,1
8570,1
8605,1
8314,1
8033,1
8231,1
8368,1
8352,1
8458,1
8060,1
8167,1
8344,1
8327,1
8435,1
8606,1
8061,1
8586,1
8499,1
8718,1
8259,1
8530,1
7775,1
8918,1
9531,1
9584,1
8906,1
9196,1
9762,1
9096,1
9444,1
9336,1
8806,1
8770,1
9740,1
9851,1
9102,1
9095,1
8818,1
9426,1
9908,1
9023,1
9429,1
9572,1
9427,1
9359,1
9428,1
9763,1
9344,1
9606,1
9819,1
9710,1
8829,1
8782,1
8783,1
8886,1
9948,1
9478,1
9809,1
9836,1
10161,1
9655,1
9689,1
10064,1
9571,1
9462,1
9953,1
9961,1
9540,1
9489,1
9971,1
9264,1
9669,1
9479,1
9343,1
10123,1
10149,1
9949,1
9622,1
9668,1
9583,1
9797,1
9723,1
9954,1
9195,1
9646,1
9690,1
9972,1
9709,1
10087,1
9701,1
9680,1
9080,1
9081,1
8165,1
8485,1
8569,1
9044,1
8859,1
8197,1
8591,1
8828,1
8334,1
9070,1
8990,1
8292,1
9169,1
8402,1
8166,1
8164,1
8592,1
8486,1
8905,1
8484,1
9141,1
8230,1
8313,1
9127,1
9060,1
8827,1
8081,1
8072,1
8301,1
9094,1
9092,1
8290,1
8826,1
8291,1
8825,1
8970,1
8178,1
9093,1
8991,1
8223,1
8497,1
8333,1
8205,1
8271,1
8540,1
8498,1
8741,1
7977,1
7643,1
8805,1
7705,1
9059,1
7809,1
7704,1
8885,1
8222,1
8367,1
7976,1
7994,1
7684,1
7642,1
8300,1
7654,1
8740,1
7967,1
8021,1
8311,1
8257,1
7924,1
7773,1
9451,1
8312,1
7901,1
8003,1
8002,1
8004,1
8496,1
7958,1
8148,1
7653,1
8175,1
8038,1
7923,1
8568,1
8410,1
7736,1
8603,1
9035,1
7913,1
8884,1
8428,1
8380,1
7790,1
7966,1
7935,1
8103,1
7951,1
7993,1
8001,1
7871,1
7949,1
7747,1
7900,1
8343,1
8604,1
7890,1
8931,1
7950,1
8149,1
8817,1
7912,1
7891,1
8104,1
8150,1
8051,1
7948,1
9605,1
8844,1
9452,1
8752,1
8858,1
9886,1
8769,1
8781,1
9970,1
8816,1
8759,1
8989,1
8869,1
9808,1
9385,1
8791,1
9003,1
8804,1
14159,5
14432,5
14450,4
14302,4
14216,5
14851,4
14225,5
14911,3
14303,5
14431,5
14843,3
14925,3
14470,4
14235,5
14552,5
14553,5
14442,4
14196,5
14554,5
14382,4
14926,3
14800,4
14300,4
14451,4
14217,7
14290,5
14910,4
14799,3
14208,5
14610,6
14489,4
14458,4
14276,5
14275,4
14203,5
14248,4
14195,5
14563,5
14154,5
14289,4
14452,5
14551,5
14616,6
14249,5
14597,6
14774,4
14443,5
14175,5
14607,5
14365,5
14684,3
14413,4
14164,4
14288,4
14182,7
14536,5
14080,6
14130,5
14809,4
14174,5
14181,5
14503,4
14364,4
14606,4
14147,6
14419,5
14838,3
13758,5
13759,6
13591,8
13785,5
13696,6
13574,8
13718,6
13775,6
13945,6
13786,6
13743,6
13826,6
13926,6
13850,6
13796,6
13622,8
13632,5
13618,8
13707,6
13082,6
13583,6
13098,8
13474,5
13121,8
12758,8
13084,10
13257,6
13116,8
13491,8
12942,8
13584,6
13241,6
13083,8
12890,6
13242,6
12913,8
12826,8
13233,8
12717,8
13057,6
13058,11
13127,8
13210,9
13198,9
13220,9
12770,8
13301,6
13115,8
13424,5
13048,8
13284,8
13348,8
13302,9
13490,5
12785,8
13165,6
13219,8
13377,8
12891,8
12801,8
12842,8
13126,6
13170,7
13211,9
13534,8
13397,8
13169,6
13347,6
13414,5
13462,8
11652,8
12114,6
11951,15
11090,13
11435,5
11995,8
11651,8
11671,8
11607,5
11761,11
11702,4
11327,6
11172,5
11963,8
12305,6
11592,7
11771,5
11806,8
11996,11
11264,10
11994,6
11897,8
11936,7
11609,12
12157,5
11134,5
12258,11
11808,11
12116,6
11483,6
11964,15
11786,15
11205,5
12414,6
11146,5
11979,11
11299,5
11807,8
11993,5
12117,11
12101,6
11247,13
11510,12
11229,5
12257,6
12256,5
11608,8
11870,7
11623,11
11622,7
11978,9
11672,8
11263,5
12378,10
12423,6
11246,5
12025,6
12136,11
11724,11
12084,9
11871,8
11922,8
11723,8
11188,5
11838,4
12225,11
11923,11
12115,6
12085,10
11785,8
11089,5
11639,8
12332,10
11881,4
12448,5
12415,9
12706,4
12379,13
12985,4
12416,13
12813,4
12211,3
11555,3
11912,3
11852,3
11537,3
12156,5
11494,3
11638,3
11443,3
11272,4
12296,5
11751,3
11444,3
11245,3
11417,3
12469,4
12413,4
12024,5
11721,3
11446,3
12224,3
11262,3
11591,3
12331,4
11381,3
12070,3
11805,3
11896,4
11759,3
12285,4
11298,3
11804,3
11935,3
11758,3
12304,4
12127,3
12186,4
12185,3
11445,3
11285,3
12170,3
12155,3
11760,3
11722,3
11606,3
11416,3
11578,3
11475,2
11802,3
11637,3
11261,3
11699,3
11369,3
11770,3
11783,3
11297,3
11784,3
11738,3
11650,3
11757,3
11698,3
11701,3
11536,2
11803,3
11685,3
11535,2
11590,3
11402,2
11720,3
11403,2
11700,3
11349,3
11825,3
11509,3
11404,3
11921,3
11869,3
11950,3
11826,3
12240,3
11962,3
11977,3
12283,4
12100,4
11895,3
12083,3
11851,3
12009,4
12010,3
12082,4
12135,3
12599,4
12768,4
12497,4
12643,4
12412,3
12295,4
12644,3
12388,4
12349,3
12963,4
12658,3
12769,5
12377,4
12732,4
12825,4
12255,3
12350,3
12984,5
12284,3
12570,4
12620,4
12396,3
12395,4
12528,3
12991,5
12750,4
12330,3
12812,4
12731,4
13139,2
13138,1
13208,2
12983,2
13140,2
13005,2
13022,2
13072,2
13030,2
13461,2
13177,2
12941,2
13532,2
13500,2
13164,2
13094,2
12953,2
13196,2
13018,2
12952,2
13231,2
13376,2
13375,2
12978,2
13345,2
13195,2
13421,2
13232,2
13471,2
13176,2
13499,2
12857,2
13240,2
13757,2
13784,2
13531,2
13756,2
13730,2
13802,2
13731,2
13530,2
14770,2
14887,2
14534,2
14902,2
14411,2
14886,2
14691,2
14747,2
14847,2
14906,2
14995,2
14624,2
14591,2
14667,2
14754,2
14639,2
14956,2
14755,2
14985,2
14903,2
14666,2
14623,2
14585,2
14657,2
14806,2
15201,2
15175,2
15082,2
15606,1
15110,2
15339,1
14848,2
15045,2
15096,2
15145,2
15022,2
15078,2
15021,2
14857,2
15047,2
14807,2
15453,1
15039,2
15519,1
14869,2
15087,2
15535,1
15226,2
15382,1
14904,2
14835,2
15116,2
15027,2
15261,2
14836,2
14868,2
14893,2
14545,2
14769,2
14116,2
14546,2
14141,2
15014,2
14892,2
14773,2
14894,2
14374,2
14824,2
14648,2
14529,2
14146,2
14713,2
14590,2
14550,2
14540,2
14024,2
13748,1
13610,2
13825,2
13912,2
13741,2
13936,2
13795,1
13483,1
13549,1
13965,2
13812,1
14389,1
13871,1
14031,2
14672,1
13823,1
13824,1
14329,1
14390,1
13816,1
13783,1
13980,2
13998,2
14247,1
12039,2
12069,3
12536,3
12239,3
12535,3
12223,2
12730,5
12184,1
12586,4
12697,3
12749,4
12619,3
12302,2
12457,3
12348,3
12303,3
12347,2
12598,4
12329,2
12800,4
12520,3
12113,3
12154,2
12437,3
12282,2
12569,3
12022,2
12657,4
12447,3
12729,4
12318,2
12435,3
12436,3
12468,3
12254,1
12054,3
12676,4
11491,1
11492,1
11313,1
11155,1
11391,2
11203,2
11390,2
11621,2
11489,2
11459,2
11490,1
11204,1
11850,2
10981,1
11577,2
11493,1
12197,2
11122,1
11144,1
11460,1
11270,2
11534,2
11697,3
11589,2
11260,2
11400,2
11750,2
11401,2
11933,2
12099,2
11036,1
11161,1
11271,1
12038,2
12041,3
11488,2
11696,3
11508,2
11186,1
12068,2
11934,2
11399,2
11282,2
12053,2
11521,2
11145,1
11050,1
12023,3
11992,2
10869,1
11434,2
11991,2
11670,2
11339,1
11684,2
11415,2
11160,1
11920,3
11368,1
11482,1
11360,1
12040,2
11911,2
11380,2
11576,2
11113,2
11296,2
11473,2
11283,2
11244,1
11737,2
11868,2
11000,1
11471,2
11184,2
11187,1
11359,2
11284,1
11358,2
11782,2
11087,1
11932,2
11474,2
11472,2
11880,2
11185,2
11781,2
11079,1
10472,1
10379,1
10225,1
10256,1
10473,1
10772,1
10063,1
10680,1
10787,1
10454,1
10309,1
11010,1
10511,1
10122,1
10723,1
10624,1
10517,1
10148,1
10589,1
10204,1
10205,1
10237,1
10578,1
10286,1
10238,1
10147,1
10270,1
10146,1
10333,1
10132,1
10344,1
10227,1
10671,1
10226,1
10693,1
10287,1
10900,1
10640,1
10591,1
10639,1
10590,1
10497,1
10722,1
11049,1
10319,1
10746,1
10598,1
10747,1
10579,1
10203,1
10193,1
10625,1
10542,1
10886,1
10868,1
10543,1
10706,1
10113,1
10145,1
10121,1
9988,1
10062,1
10172,1
10093,1
10047,1
10867,1
10933,1
11065,1
11066,1
9997,1
10885,1
11183,2
10705,1
10035,1
11588,2
11604,1
11121,1
11649,2
11949,2
12196,1
11669,1
11636,1
11112,1
11719,2
11398,1
11801,1
11458,1
11433,2
11442,1
11379,1
12008,1
11519,1
11210,1
11931,1
11976,1
12183,1
12021,1
11587,1
12153,1
11975,1
11683,1
11520,2
11824,1
11620,2
11518,1
11780,1
11961,1
11586,1
11575,1
11228,1
11281,1
11605,1
11769,1
11326,1
11695,1
11338,1
11682,1
11120,1
7530,1
8538,1
8366,1
8692,1
8620,1
8802,1
7443,1
7772,1
8123,1
7746,1
8621,1
7734,1
8132,1
7771,1
7733,1
7745,1
8030,1
8289,1
8229,1
7638,1
9002,1
7637,1
8131,1
7696,1
8433,1
7561,1
7669,1
7965,1
8113,1
8554,1
8256,1
7518,1
7483,1
7517,1
8244,1
8093,1
7624,1
7682,1
7651,1
8112,1
7834,1
8843,1
8195,1
8631,1
7788,1
7797,1
8641,1
7605,1
7550,1
8779,1
8899,1
7458,1
8883,1
7725,1
8401,1
8930,1
7761,1
8946,1
7744,1
9443,1
12281,1
11974,1
12346,1
12675,1
11990,1
12169,1
11910,1
12584,1
12134,1
12067,1
12275,1
12253,1
12037,1
12274,1
12797,1
12874,1
12840,1
12940,1
13114,1
12873,1
12696,1
12656,1
12317,1
12376,1
12933,1
12685,1
12182,1
12695,1
12328,1
12798,1
12519,1
12872,1
12629,1
13120,1
13113,1
12811,1
12766,1
12546,1
12607,1
12655,1
12781,1
12746,1
12824,1
12098,1
12545,1
12019,1
12126,1
11879,1
12020,1
11749,1
8857,1
8757,1
8630,1
9425,1
9179,1
9000,1
8916,1
8917,1
8856,1
8882,1
8729,1
9014,1
8686,1
8495,1
8945,1
8969,1
9091,1
9156,1
8929,1
9058,1
9112,1
9403,1
8954,1
8898,1
9274,1
8675,1
9275,1
9001,1
8897,1
8707,1
8730,1
8980,1
8842,1
8585,1
8663,1
9461,1
9404,1
9472,1
9504,1
9503,1
9476,1
9237,1
9069,1
9332,1
9300,1
9333,1
9334,1
9111,1
9263,1
8706,1
8728,1
8399,1
8400,1
8342,1
8705,1
8777,1
8778,1
9068,1
8450,1
8507,1
8379,1
8422,1
8142,1
8389,1
8174,1
8482,1
8147,1
8751,1
8449,1
8756,1
8243,1
8506,1
8619,1
8691,1
7957,1
8080,1
7808,1
8363,1
7595,1
7291,1
8553,1
7457,1
7833,1
7384,1
8474,1
7760,1
7819,1
7579,1
7681,1
7947,1
7720,1
8130,1
7456,1
8351,1
7889,1
8221,1
7516,1
8390,1
7549,1
8451,1
7732,1
7695,1
7743,1
7309,1
7623,1
8194,1
8011,1
7668,1
8270,1
7511,1
7493,1
6036,1
5868,1
6000,1
7283,1
7604,1
7274,1
6214,1
7184,1
6954,1
7529,1
7383,1
7241,1
7560,1
6720,1
7332,1
7221,1
6851,1
7220,1
7240,1
6573,1
7063,1
7016,1
6567,1
7251,1
7190,1
7578,1
7134,1
6989,1
7273,1
7515,1
7610,1
6936,1
7149,1
7019,1
6707,1
7594,1
6526,1
7577,1
6988,1
8173,1
8182,1
8037,1
8172,1
8426,1
8466,1
8010,1
8058,1
8122,1
8141,1
7694,1
8467,1
8473,1
7701,1
8020,1
8228,1
8183,1
7780,1
7787,1
7702,1
8640,1
8550,1
8505,1
8551,1
8552,1
8584,1
8362,1
8481,1
8070,1
7454,1
7975,1
7346,1
7852,1
7576,1
7469,1
8288,1
6917,1
8102,1
7650,1
7502,1
7455,1
7992,1
8092,1
7693,1
7724,1
8111,1
7396,1
7040,1
7602,1
7667,1
7868,1
7851,1
7603,1
6063,3
6181,3
5599,3
6579,3
6202,3
6280,3
6326,3
6157,3
6138,3
6194,3
6235,3
6100,3
5902,3
6146,3
5598,1
6474,3
5605,3
5604,1
6286,3
5741,3
6410,3
5958,3
6254,3
6244,3
6010,3
6266,3
6101,3
5799,1
6002,1
6397,1
5966,1
6265,3
5945,1
6652,3
5862,1
6216,3
5954,1
7169,3
6137,1
6156,3
7178,3
6759,3
5806,1
6432,3
5628,1
6109,3
5965,1
5885,3
6325,3
6651,3
7302,3
7285,3
5944,1
6293,3
5877,3
6403,3
6368,1
7179,3
6294,3
6009,1
6480,3
6061,1
6279,1
7262,3
6508,1
6285,3
5957,1
6724,3
5740,1
6710,3
5826,3
6099,3
6409,3
6234,3
6233,1
5813,1
6305,3
7210,3
7303,3
6398,1
6624,3
6535,3
6597,3
7253,3
5910,1
5955,1
5956,1
6062,3
6842,3
6889,3
6558,3
6193,1
6433,3
6324,1
5909,1
6635,3
5705,1
6431,2
4249,1
4657,1
4205,1
4286,1
4510,1
4463,1
4495,1
4479,1
4712,1
4590,1
4672,1
4294,1
4097,1
4496,1
4690,1
4769,1
4467,1
4591,1
4534,1
4171,1
4314,1
4560,1
4581,1
4374,1
4277,1
4217,1
4580,1
4096,1
4599,1
4137,1
4468,1
5284,2
5028,1
4898,1
4984,2
5332,1
5057,1
5214,2
5420,2
5333,2
5042,1
5222,1
5297,3
5453,3
5029,1
5521,3
5223,2
5522,3
4983,1
5510,3
5191,2
5523,3
5296,2
5272,2
5056,1
5371,3
4997,1
5220,1
5450,1
4462,1
5125,1
5491,1
5283,1
4859,1
5213,1
5221,1
4755,1
5282,1
5155,1
4820,1
5115,1
5431,1
5295,1
4626,1
5465,1
4271,1
4763,1
5055,1
4683,1
4671,1
5418,1
5466,1
4711,1
4860,1
4509,1
5452,1
5190,1
5419,1
5451,1
5341,1
4719,1
5441,1
4670,1
5204,1
4720,1
4466,1
5461,1
5203,1
5143,1
4598,1
5460,1
4788,1
5027,1
4809,1
4969,1
4940,1
4941,1
5243,1
4968,1
4436,1
5082,1
4904,1
5004,1
4994,1
5154,1
4322,1
4204,1
4754,1
4311,1
4248,1
4896,1
4878,1
4996,1
4313,1
4729,1
5440,1
4682,1
4620,1
4895,1
4448,1
4982,1
4669,1
4312,1
4533,1
5091,1
4323,1
4339,1
4849,1
5021,1
4955,1
4718,1
4897,1
4981,1
4995,1
5189,1
4808,1
5798,1
5165,1
5586,1
4702,1
4828,1
5825,1
4637,1
6037,1
5054,1
5386,1
5340,1
4848,1
4656,1
5761,1
5271,1
5978,1
5788,1
5657,1
5066,1
7112,1
7347,1
7157,1
6568,1
6423,1
7277,1
6367,1
7278,1
7151,1
6758,1
7338,1
7324,1
6866,2
6473,1
7044,1
7209,2
6899,1
6926,1
6943,1
7295,1
6919,1
7337,1
7111,1
7323,1
6663,1
6994,2
7261,1
7222,2
7187,1
7349,1
7284,1
7348,1
6898,1
6855,2
6596,1
7186,1
7336,1
6897,1
6578,1
7032,1
6557,1
6832,1
6786,1
7125,1
6180,1
6201,1
6215,1
6027,1
6087,1
5892,1
6028,1
5907,1
6086,1
6417,1
6750,1
5929,1
5908,1
5928,1
5930,1
6115,1
5931,1
6633,1
5876,1
6577,1
6528,1
7018,1
6649,1
6551,1
6887,1
7030,1
6978,1
6784,1
6819,1
7207,1
6817,1
7293,1
7612,1
6366,1
7446,1
6958,1
6507,1
6648,1
7275,1
6621,1
6601,1
6602,1
7168,1
6886,1
6365,1
6610,1
7005,1
6957,1
7137,1
6770,1
6647,1
7243,1
7017,1
7050,1
6489,1
6683,1
6314,1
7136,1
6904,1
6609,1
7311,1
7596,1
7366,1
6960,1
6980,1
6918,1
7425,1
6722,1
7070,1
7611,1
7043,1
7177,1
7135,1
7099,1
7292,1
6956,1
6455,1
7335,1
7387,1
6942,1
7109,1
7641,1
6818,1
6382,1
6903,1
6865,1
6646,1
6253,1
7411,1
6888,1
6303,1
7299,1
7185,1
6304,1
7110,1
7627,1
7051,1
6540,1
7071,1
7042,1
6805,1
7041,1
6977,1
6595,1
6979,1
7640,1
7470,1
6981,1
6416,1
6639,1
6966,1
7735,1
6708,1
6709,1
8114,1
7445,1
7199,1
6675,1
7660,1
6349,1
7661,1
7399,1
7439,1
7606,1
7064,1
8185,1
7214,1
8134,1
6854,1
6696,1
6959,1
6896,1
7310,1
7697,1
6792,1
6941,1
7385,1
6632,1
7628,1
6967,1
7639,1
7543,1
7580,1
7031,1
7386,1
7388,1
7260,1
7789,1
7659,1
7398,1
4736,1
5701,1
5121,2
5122,2
5714,1
5404,2
5669,1
5500,2
4336,1
5668,1
5490,2
5713,1
4894,1
5773,1
4293,1
5134,2
4925,1
4761,1
5977,1
4752,1
4435,1
4775,1
5383,2
5475,2
5732,1
5656,1
4346,1
4939,1
5704,1
4876,1
5688,1
4858,1
5702,1
4397,1
5750,1
5680,1
5687,1
4753,1
5712,1
5439,2
4635,1
4422,1
5721,1
5703,1
5679,1
4645,1
5382,2
5992,1
4668,1
4954,1
5678,1
5640,1
4787,1
4857,1
5597,1
5564,1
5188,2
4420,1
5667,2
4335,1
5267,2
4421,1
5293,2
5953,1
5731,1
5254,2
5199,2
5403,2
5627,2
5294,2
5489,2
4519,1
5280,2
5107,2
5315,2
4605,2
5805,1
5397,2
4750,2
4979,2
5235,2
4434,1
4494,1
5686,2
4358,1
5142,2
5767,1
5429,2
4345,1
5677,2
5174,2
5542,2
5666,2
5797,2
4406,1
4530,1
4701,2
4991,2
5337,2
5836,2
5509,2
5596,2
4577,2
5339,2
5749,2
4625,2
5108,2
4667,2
4847,2
5186,2
4446,1
5020,2
5187,2
5927,1
4344,1
5279,2
4751,2
5852,2
4604,2
5844,2
5896,2
4596,2
5268,2
5845,2
5843,2
4396,1
5200,2
4395,1
5338,2
5824,2
6252,1
5942,2
6059,2
5841,2
6363,1
5720,2
6695,1
5943,2
5812,2
5870,2
6077,1
6757,1
6527,1
6364,1
6674,1
5787,2
6243,1
5772,2
6682,1
5842,2
6415,1
6594,1
6391,1
5861,2
5823,2
6001,2
6098,2
6721,1
6278,1
5976,2
7242,1
7365,1
7843,1
6964,1
7259,1
8780,1
6852,1
7124,1
6853,1
6940,1
8529,1
7397,1
6938,1
7123,1
8326,1
7003,1
8050,1
7086,1
6769,1
6992,1
7835,1
7333,1
6831,1
7098,1
6939,1
8000,1
7156,1
7870,1
8133,1
8522,1
7004,1
6783,1
7836,1
7252,1
7652,1
8731,1
6902,1
7097,1
7683,1
6965,1
8204,1
7869,1
7176,1
7444,1
6993,1
7198,1
6645,1
6955,1
7424,1
7020,1
7626,1
6778,1
8031,1
6991,1
7029,1
7162,1
7021,1
8439,1
7334,1
7703,1
7475,1
8427,1
8539,1
8803,1
8184,1
7001,1
6661,1
7625,1
6804,1
7002,1
8483,1
7842,1
6875,1
7143,1
8758,1
8555,1
5925,2
6576,1
5771,2
5926,2
5834,2
6782,1
5884,2
5835,2
6284,1
6430,1
6768,1
5840,2
5804,2
6076,2
6673,1
6575,1
5796,2
6381,1
5822,2
6045,2
5941,2
6694,1
6600,1
6264,1
5875,2
6681,1
6270,1
6463,1
6097,2
6422,1
5952,2
6777,1
5821,2
5760,2
5851,2
6660,1
6937,1
6588,1
7155,1
6885,1
6990,1
6925,1
7167,1
6874,1
5639,2
5711,2
5152,2
5314,2
4893,2
5676,2
4680,2
4875,2
4912,2
5218,2
5219,2
4700,2
5612,2
5710,2
4679,1
5381,2
5173,2
5198,2
4612,1
5003,2
4786,2
4856,2
5065,2
5211,2
5076,2
5077,2
4666,2
5541,2
5616,2
5655,2
5617,2
4744,2
5053,2
5011,2
5160,1
5161,2
5550,2
5163,2
5331,2
5499,2
5182,1
5508,2
5242,1
5447,2
5183,1
5266,2
5353,1
5428,2
4967,1
5498,1
5685,2
4826,1
5615,1
5638,2
5162,2
5402,2
5133,1
5184,2
5626,2
5132,1
5595,2
5459,2
4827,1
4937,1
4938,1
5485,2
4818,1
5675,2
4936,1
4819,1
4665,1
4924,1
4795,1
5625,2
5487,2
5185,2
5141,2
5624,2
5488,2
5486,2
6593,1
6388,1
6387,1
6498,1
6096,1
5964,1
5730,1
6574,1
5748,2
6155,1
6262,1
6084,1
7096,1
6608,1
6450,1
6131,1
5874,1
6413,1
6044,2
6864,1
6083,1
5991,1
6251,1
6644,1
6154,1
6200,1
5883,2
6085,1
6114,1
6186,1
6421,1
5786,2
6361,1
6472,1
6082,1
6057,1
6056,1
6386,1
6134,1
6488,1
6263,1
6136,1
6058,1
6055,1
5869,1
6539,1
6026,1
6348,1
6362,1
6586,1
5759,2
6380,1
5757,1
5795,2
6250,1
6334,1
5803,2
5758,2
6283,1
6376,1
6377,1
6587,1
6335,1
6378,1
6135,1
6414,1
6440,1
6379,1
3922,1
3556,1
4007,1
3895,1
3990,1
3570,1
3632,1
4005,1
4006,1
3874,1
3910,1
3937,1
4018,1
3991,1
3579,1
4017,1
3631,1
3973,1
3989,1
3841,1
3686,1
4050,1
3936,1
4121,1
3972,1
3891,1
3934,1
3988,1
3368,1
3167,1
4269,1
4180,1
3705,1
2580,1
3820,1
3726,1
2812,1
2753,1
3344,1
2799,1
2385,1
4216,1
3397,1
3419,1
3177,1
4040,1
4181,1
3873,1
3135,1
3238,1
2453,1
3795,1
3871,1
2438,1
3684,1
4270,1
3683,1
3186,1
3158,1
2862,1
4247,1
4107,1
2687,1
3600,1
2201,1
3872,1
2773,1
2938,1
3381,1
3252,1
4257,1
3588,1
3328,1
2915,1
4106,1
2697,1
2704,1
3621,1
4003,1
2959,1
3451,1
2347,1
3464,1
3998,1
2696,1
3965,1
3197,1
3207,1
3568,1
2996,1
2648,1
3403,1
3295,1
3127,1
3239,1
3057,1
3203,1
2454,1
3753,1
2595,1
3412,1
3004,1
3829,1
3504,1
3024,1
2371,1
2414,1
3613,1
2925,1
2729,1
2722,1
3221,1
2241,1
3296,1
4135,1
3664,1
3247,1
4093,1
3740,1
4025,1
3147,1
3317,1
2509,1
1903,1
4215,1
3282,1
3577,1
2636,1
3576,1
2437,1
1965,1
4285,1
4202,1
2889,1
2547,1
3578,1
2003,1
2637,1
1955,1
3108,1
2908,1
2811,1
2510,1
3496,1
2009,1
2566,1
2046,1
2081,1
2909,1
3349,1
3246,1
4237,1
2565,1
1934,1
3840,1
2370,1
2601,1
2647,1
2384,1
3739,1
3535,1
3396,1
3281,1
3681,1
3166,1
4067,1
4091,1
4275,1
4128,1
3725,1
4090,1
4038,1
4149,1
4056,1
4077,1
3429,1
3987,1
4236,1
3575,1
4105,1
4148,1
3367,1
4078,1
3828,1
4267,1
4147,1
3584,1
3220,1
3809,1
3271,1
4266,1
4160,1
3724,1
3819,1
4227,1
3986,1
3599,1
4126,1
3175,1
4066,1
3807,1
3219,1
3516,1
4178,1
3857,1
4268,1
3770,1
3827,1
3825,1
4127,1
3523,1
4169,1
4276,1
3583,1
3118,1
3450,1
3704,1
3585,1
3703,1
4159,1
3964,1
3176,1
4245,1
4179,1
3316,1
3343,1
3612,1
3587,1
3574,1
3723,1
4177,1
3949,1
4246,1
3794,1
3691,1
4134,1
4161,1
3826,1
4076,1
3503,1
3808,1
3514,1
4284,1
4039,1
3251,1
3515,1
3793,1
4068,1
3806,1
3502,1
3552,1
3783,1
4201,1
4024,1
4234,1
3682,1
3261,1
3380,1
4283,1
3663,1
3586,1
4235,1
4200,1
4092,1
4214,1
4048,1
3245,1
4475,1
4333,1
3856,1
4432,1
4569,1
4486,1
4540,1
3909,1
4493,1
4334,1
4508,1
3673,1
4168,1
4405,1
4433,1
4664,1
3411,1
4198,1
3237,1
4158,1
4644,1
4445,1
4199,1
3326,1
4394,1
3472,1
4176,1
3418,1
3522,1
3495,1
3674,1
3963,1
3395,1
3185,1
3379,1
3551,1
3428,1
3463,1
3227,1
3462,1
3217,1
3196,1
3218,1
4265,1
3327,1
3662,1
3228,1
3270,1
4065,1
3550,1
3315,1
3567,1
3948,1
4256,1
3260,1
3150,1
3449,1
3145,1
3402,1
3269,1
3174,1
2118,1
2112,1
2145,1
2161,1
2154,1
2113,1
2146,1
5589,2
5918,3
6065,3
6046,3
5579,2
5513,1
5580,2
5961,3
5960,3
5512,2
5718,2
5659,2
5734,1
5629,2
5526,2
5846,3
5690,2
5934,3
5854,3
5913,3
5887,3
5919,3
5776,2
5083,1
5467,2
5358,2
4629,1
4738,1
5045,1
5257,2
5256,2
5492,2
5111,1
5493,2
4771,1
5468,2
5094,1
5359,2
5069,1
5177,1
5289,2
5227,1
5343,2
4814,1
4694,1
4928,1
4647,1
5442,2
5374,2
4721,1
5318,2
4684,1
5433,2
5247,1
5068,1
5012,1
5388,2
4790,1
5145,1
5389,2
5046,1
5477,2
5769,2
5864,3
5863,3
5959,3
5670,3
5689,2
5800,3
5567,3
5717,3
5996,3
5606,3
5752,3
5044,1
4970,3
5525,3
4673,1
5543,3
4985,1
4646,1
5059,3
5317,3
4831,1
5193,3
4758,2
5409,2
4639,1
4796,1
4764,2
5544,3
5079,3
4704,1
4497,1
4542,1
4606,1
4575,1
4593,1
7201,1
7204,1
7037,1
7038,1
5410,1
7048,1
5878,2
7077,1
7078,1
7090,2
5478,1
7101,1
5724,1
6561,2
5290,1
7116,1
7129,1
7130,1
6582,2
7140,1
7144,1
5968,2
7158,2
6011,2
7354,2
7203,1
7202,1
7211,1
6274,2
7230,2
6716,2
6328,1
6741,1
6740,2
6753,1
6159,2
5777,1
6207,2
6998,1
6615,2
6245,1
7022,1
6846,2
6890,1
6206,2
6946,1
6676,1
6418,2
5801,1
5808,1
7194,1
6444,2
6859,1
6878,2
6562,1
6833,2
6168,1
6530,2
6908,2
6867,1
6167,2
6879,1
6762,1
6012,2
6868,1
6603,3
7193,3
6984,1
6425,1
6628,2
6797,1
6798,1
6983,1
4167,1
1645,1
2171,1
3045,1
2822,1
2024,1
4699,1
3013,1
1544,1
2034,1
3087,1
2123,1
3079,1
2117,1
2789,1
2790,1
2069,1
2735,1
2810,1
3071,1
2264,1
1846,1
2657,1
2685,1
2045,1
1671,1
3070,1
2667,1
2305,1
1610,1
2308,1
2190,1
2680,1
4064,1
3032,1
1699,1
1694,1
2848,1
2936,1
2668,1
2496,1
1847,1
2686,1
2008,1
2878,1
3244,1
2984,1
2703,1
2702,1
2958,1
2023,1
2635,1
1609,1
2189,1
2907,1
1792,1
1716,1
1638,1
2744,1
3034,1
3268,1
2369,1
1845,1
3534,1
1915,1
2788,1
2787,1
2877,1
2144,1
2798,1
1927,1
3056,1
3097,1
1944,1
1693,1
2906,1
3890,1
2728,1
2834,1
2470,1
1724,1
2742,1
2578,1
3146,1
2579,1
3461,1
1844,1
4529,1
3294,1
4023,1
1748,1
2240,1
1996,1
3394,1
2074,1
2808,1
2306,1
2546,1
3985,1
2823,1
2103,1
2200,1
1802,1
2346,1
1810,1
2937,1
1902,1
2220,1
2358,1
2055,1
3378,1
1836,1
2679,1
3069,1
2068,1
1754,1
1860,1
2695,1
2413,1
3012,1
2809,1
2183,1
2555,1
1791,1
2319,1
3023,1
2469,1
1619,1
4302,1
2111,1
3035,1
2210,1
1741,1
3044,1
3471,1
3566,1
2861,1
2779,1
2067,1
2253,1
2873,1
1988,1
2289,1
4037,1
2436,1
3096,1
1881,1
3011,1
2307,1
3134,1
2481,1
3020,1
2199,1
1717,1
2328,1
2847,1
2658,1
3280,1
1608,1
1987,1
4133,1
2772,1
2132,1
2780,1
3033,1
2721,1
2694,1
2623,1
2914,1
3022,1
1772,1
4157,1
2634,1
1771,1
2841,1
1945,1
2359,1
2329,1
2952,1
2951,1
1549,1
2478,1
2480,1
3003,1
2743,1
1740,1
2675,1
2860,1
2504,1
2859,1
4539,1
2577,1
1770,1
1908,1
3250,1
2211,1
3259,1
1976,1
3348,1
2833,1
2672,1
4465,1
2770,1
3126,1
3805,1
3055,1
1954,1
4558,1
2832,1
2674,1
1825,1
2896,1
2594,1
2131,1
3054,1
2229,1
2673,1
2924,1
3021,1
2054,1
2593,1
1953,1
2624,1
4634,1
2771,1
4016,1
1615,1
14587,6
14525,11
14218,16
14032,7
14197,17
13535,29
14033,22
14612,11
13142,11
14268,7
14118,7
12971,19
13877,10
14465,14
14323,16
13917,7
14586,6
14757,7
14251,8
14087,16
13444,10
14278,16
14414,16
14756,7
14250,7
14026,17
14111,7
14100,7
14048,22
13400,8
14101,20
14269,16
14321,8
14258,16
13099,12
14499,14
14226,16
13183,10
14277,16
14580,8
14748,6
14229,16
14332,8
14731,6
13770,20
12993,11
14801,7
14166,17
13883,27
13221,20
14444,16
14293,16
13100,15
14498,15
14463,15
14464,14
14922,4
14355,16
13642,21
13804,21
14243,16
14088,17
13776,20
14131,17
14491,14
13914,23
14462,15
13086,22
14155,7
14480,14
13937,26
13719,8
13769,19
14593,14
13882,11
14165,7
14490,8
14650,6
14555,7
13777,20
13157,13
14228,8
12980,20
14564,8
14565,8
13787,20
12970,17
14183,17
14395,16
14105,7
13760,20
14291,16
14292,16
14461,15
13502,28
13797,20
14015,22
14133,7
13918,10
14526,13
14256,8
13386,13
14257,16
13732,9
14673,6
13928,7
12964,19
14047,18
14541,8
14791,7
12965,19
14117,7
14160,11
14611,10
14322,16
13724,20
14127,7
14434,16
14106,16
13827,21
13946,20
13676,21
13947,26
13485,27
13966,7
13551,22
12992,11
14570,8
14009,23
13989,16
14244,16
13744,18
13745,27
14514,14
13435,10
12943,16
13085,12
14608,7
14522,12
14252,16
13445,10
13700,9
14592,12
13387,15
14473,14
13454,8
14420,16
14957,4
13463,8
13484,10
14383,8
14333,16
13872,23
13663,21
13878,18
14704,8
14242,7
14433,16
13623,12
14460,15
13475,8
14649,6
14025,8
13713,22
14479,14
14176,17
14815,5
13788,23
14571,12
13838,21
13064,13
12954,20
14204,16
14459,15
14209,9
14210,16
12979,17
13765,20
13967,18
14301,16
13968,19
14481,15
13683,27
13859,20
14394,16
14189,18
14148,16
14512,8
14513,13
14421,15
13675,20
14814,7
14810,7
13271,9
14068,7
13367,14
13555,22
14453,15
12899,17
13999,18
13927,6
14598,7
14732,7
14454,15
13930,23
14331,7
14334,16
14092,21
14472,15
14236,16
14471,15
14393,16
13929,20
13981,17
13958,20
12994,14
13067,25
13012,30
12611,29
13068,22
12723,30
13188,29
12612,29
12488,29
13011,30
13118,27
13235,23
12509,29
13077,22
12902,28
12613,28
13025,23
12590,29
12958,29
12591,29
12882,29
13350,23
12904,23
12881,30
13322,22
12549,28
12895,29
12602,30
12573,30
12499,29
13035,26
12947,30
13338,22
12489,29
12966,30
13213,23
13089,25
13146,23
12525,29
12736,30
12524,30
12562,29
12903,26
14056,2
13833,2
14430,2
14057,2
14469,2
14255,2
14319,2
14519,2
14215,2
14084,2
14441,2
14412,2
14487,2
13768,2
14426,2
14520,2
14312,2
14449,2
14330,2
14180,2
14403,2
13749,2
14299,2
14045,2
14440,2
14286,2
14241,2
14046,2
14402,2
14478,2
14188,2
14381,2
13097,4
13803,5
14059,5
13318,6
13641,4
14104,5
13723,5
13674,5
13473,5
13717,4
13699,4
13573,5
13661,5
13818,5
14058,4
13682,5
13283,6
13742,5
13751,5
14099,5
13319,6
13533,6
13270,6
13617,5
13501,5
13662,5
13331,6
13687,5
13615,6
13660,5
13602,6
13616,6
13837,4
13096,4
13413,5
13550,6
13695,5
13631,5
13554,6
13688,5
13346,6
13182,4
14073,5
13650,5
13434,6
13200,28
12945,30
14516,15
14211,22
14221,18
12817,31
13066,30
12831,31
13566,27
14192,18
14294,18
13645,26
14307,18
14306,19
14089,21
14492,16
14191,18
13865,22
13388,28
12973,30
13939,22
13990,26
14162,18
13076,30
13668,24
14212,21
13829,27
14493,16
13746,26
13752,26
13771,29
13667,30
14198,22
13009,30
14572,14
14358,16
13773,19
12876,31
13065,31
14245,19
13307,28
13132,29
14346,20
13308,27
13537,27
13033,29
14161,21
13074,29
14270,18
13701,29
13075,30
13131,29
13813,25
13864,28
13545,27
14169,18
13159,30
13753,26
14135,18
14069,21
13720,21
14119,18
13539,27
14167,21
14375,19
12995,30
13544,27
14077,21
14190,20
14345,20
14527,15
14404,19
13800,22
14466,16
13634,26
13380,28
13576,27
14339,17
14142,20
14011,18
14259,19
14168,20
14150,20
12816,31
13144,29
13145,29
14368,19
14482,17
12972,30
14483,16
14357,17
14271,18
14415,18
13992,26
14010,26
14107,17
13611,29
14230,20
14231,22
13736,26
13166,29
14335,19
14237,21
14220,19
13059,29
12875,30
14074,21
14474,17
14076,21
12815,31
13843,29
13916,21
13915,28
13514,27
14134,20
13575,27
14356,17
14253,18
13321,27
13644,29
14556,15
14377,16
14325,18
14051,21
14213,19
14050,25
13402,28
14367,18
14369,17
13820,28
13987,18
13538,27
14324,20
13492,27
12957,30
14515,15
14326,17
13677,26
13104,29
14177,17
14282,18
14566,15
13425,28
13556,29
13839,27
13493,27
14359,16
13991,27
13726,23
13306,28
14149,20
14262,18
13799,25
13633,29
13504,27
14316,18
13378,27
13919,28
14304,20
13772,26
14120,18
13806,29
14376,16
13117,29
14281,18
14049,23
12843,30
13985,21
14075,18
13536,29
14219,20
14238,17
13834,27
14305,19
14336,19
13684,23
13986,21
14264,15
14063,19
14384,19
14366,18
13920,22
14002,21
14338,17
14588,14
14027,21
13335,27
13320,28
14504,15
13952,22
12802,31
14260,18
13486,28
14625,14
14337,18
14263,15
14003,20
13894,22
14315,18
13620,29
13762,26
13984,25
13948,24
13798,27
14001,26
13415,28
13814,20
13873,17
13398,27
14000,25
13612,29
14280,18
13103,29
14500,15
14279,18
14261,18
13735,26
5356,3
6141,3
3974,1
3707,1
3975,1
4574,2
5587,3
4614,2
6541,3
5288,3
4098,1
5742,3
4756,1
5372,3
4228,1
6700,4
4151,1
3728,1
5476,3
3976,1
5715,3
5733,3
5588,3
4613,1
6139,3
5432,3
4278,1
6435,4
6104,3
5043,3
4692,2
5110,2
5815,3
5308,3
7304,4
6020,3
7904,5
4714,2
5774,3
5551,3
4250,1
5093,3
5768,3
6529,4
6018,3
7764,4
6140,3
6559,3
3966,1
4811,2
6219,3
6003,3
4691,2
4900,2
3706,1
6019,3
6441,3
3811,1
4027,1
5967,3
4777,2
4008,1
4776,1
5552,3
6118,3
4789,2
4083,1
5853,3
5206,3
5932,3
4810,2
4150,1
3785,1
5205,3
4220,1
3797,1
4821,2
5751,3
4628,2
4437,1
5246,3
6103,3
4513,1
4713,2
4850,2
6117,3
5067,3
4186,1
6271,3
4862,2
4469,1
5078,2
5722,3
6560,3
5723,3
4411,1
5357,3
4880,2
6569,3
4219,1
6499,3
4899,2
5814,3
6158,3
4693,2
4914,2
4638,2
6175,3
4703,2
6038,3
4511,1
4512,1
6598,3
4520,2
6125,3
4138,1
5790,3
3665,1
6064,3
3772,1
5933,3
6217,3
4551,1
4552,1
6218,3
4627,1
5176,3
6434,3
7507,4
4058,1
6021,3
5619,3
5387,3
5126,3
6039,3
5911,3
4375,1
4185,1
5641,3
5980,3
6267,3
5408,3
6737,4
6481,3
5421,3
5994,3
3773,1
5871,3
6490,3
4423,1
4218,1
3977,1
6500,4
5946,3
6501,4
4057,1
4839,1
6102,3
6029,3
5127,3
5192,3
4069,1
5323,3
5912,3
6272,3
6542,3
5273,3
5566,3
6205,3
4879,2
5092,3
7893,5
3875,1
4561,1
4051,1
7244,4
5307,3
6306,3
4841,2
4000,1
7801,5
7970,5
6116,3
4454,1
5716,3
5789,3
4861,2
5274,3
6611,3
7279,4
5993,3
7047,4
6204,3
3911,1
5995,3
4813,2
4550,1
6424,3
6295,3
4746,2
6297,3
5175,3
5578,3
4830,2
5524,3
4757,2
4361,1
6442,3
4926,2
4770,2
5058,3
7918,5
5322,3
5658,3
5642,3
6124,3
4942,2
5342,3
6132,3
4956,2
3755,1
6203,3
5807,3
5536,3
6088,3
4812,2
7495,4
5030,3
5225,3
4042,1
5511,3
5600,3
6296,3
4122,1
4363,1
4840,2
6509,4
6307,3
5893,3
4927,2
6779,4
4362,1
5321,3
6255,3
4082,1
5979,3
5775,3
5144,3
5565,3
6337,4
6147,3
4206,1
5373,3
4340,1
5166,3
5316,3
4385,1
5245,3
5886,3
5226,3
3999,1
6336,3
7687,4
5238,3
4778,2
4829,2
5558,3
4384,1
6625,3
5224,3
6400,4
3992,1
4360,1
6399,3
5237,3
6725,4
4592,1
6820,4
5244,3
7738,4
15274,1
15283,1
15275,1
15356,1
15375,1
15362,1
15347,1
14790,2
15117,1
13913,2
14921,3
14842,2
15129,2
15125,2
15093,2
14344,2
14837,2
13582,2
13858,5
14933,3
15046,2
14224,3
15061,2
13256,3
14535,2
13590,2
14658,2
13063,4
14354,2
14916,2
13095,5
14287,2
15004,2
14392,4
12880,3
14920,2
12608,2
13595,4
14194,4
13594,2
15048,2
14850,3
13197,3
14825,2
14086,3
14488,3
13218,4
14207,3
12782,3
12748,3
15011,2
14878,2
14353,2
14659,3
14888,4
13255,3
14085,3
14986,2
14202,3
13178,3
14808,2
12747,3
13841,5
13863,5
12923,4
12783,3
12841,3
13694,4
14969,3
13472,3
12585,3
13056,4
14320,2
13366,3
12879,2
13156,3
14223,3
12799,2
13141,3
13750,5
14098,2
14501,3
13686,3
13422,2
13423,2
14849,3
13412,3
13411,2
14391,4
14274,2
13443,3
15043,2
13209,3
14609,3
14502,4
14314,3
14313,2
12728,3
12767,3
12784,3
13155,3
14631,2
14862,2
13817,5
12630,2
14966,3
13396,3
